{
  "fid_50k": 13.329162241795814,
  "nfe_dopri5": 122.62915601023018,
  "C_intrinsic": 0.05395551025867462,
  "axisA": {
    "nfe_grid": [
      4,
      8,
      16,
      32,
      64
    ],
    "fid": {
      "euler": [
        70.14405100348813,
        31.648337589604466,
        21.4965882741335,
        17.61635825122596,
        16.825337333350376
      ],
      "midpoint": [
        41.20881331698064,
        23.052907688641255,
        18.578817943300635,
        16.870079722282014,
        15.869570638808568
      ],
      "rk4": [
        219.73866530279608,
        99.17334944328519,
        47.139458316793025,
        21.713536382866494,
        15.579673547090522
      ]
    },
    "C": {
      "euler": [
        0.02182665467262268,
        0.034975215792655945,
        0.04384887218475342,
        0.04899143427610397,
        0.05184488743543625
      ],
      "midpoint": [
        0.019707150757312775,
        0.037256523966789246,
        0.04592892527580261,
        0.05052849277853966,
        0.052916187793016434
      ],
      "rk4": [
        0.0,
        0.030334867537021637,
        0.042931683361530304,
        0.048331961035728455,
        0.05150183290243149
      ]
    }
  },
  "axisB": {
    "steps": [
      25000,
      50000,
      75000,
      100000,
      125000,
      150000
    ],
    "C": [
      0.05270947515964508,
      0.05276399850845337,
      0.05267671123147011,
      0.05271824821829796,
      0.0527983121573925,
      0.052937161177396774
    ]
  }
}